operation,complexity,scale,num_sequences,threads,assignment,time_ms,speedup_vs_1t,efficiency,throughput_seqs_per_sec
base_counting,0.40,Tiny,100,1,default,0.019833,1.0000,1.0000,5042012.57
base_counting,0.40,Tiny,100,2,default,0.027644,0.7175,0.3587,3617428.04
base_counting,0.40,Tiny,100,2,p_cores,0.027548,0.7200,0.3600,3630067.12
base_counting,0.40,Tiny,100,2,e_cores,0.064665,0.3067,0.1534,1546442.37
base_counting,0.40,Tiny,100,4,default,0.046618,0.4254,0.1064,2145079.64
base_counting,0.40,Tiny,100,4,p_cores,0.046579,0.4258,0.1065,2146892.66
base_counting,0.40,Tiny,100,4,e_cores,0.085048,0.2332,0.0583,1175805.91
base_counting,0.40,Tiny,100,8,default,0.102685,0.1931,0.0241,973847.80
base_counting,0.40,Tiny,100,8,p_cores,0.103448,0.1917,0.0240,966669.71
base_counting,0.40,Tiny,100,8,e_cores,0.175085,0.1133,0.0142,571150.34
base_counting,0.40,Small,1000,1,default,0.064693,1.0000,1.0000,15457622.93
base_counting,0.40,Small,1000,2,default,0.042998,1.5046,0.7523,23256976.80
base_counting,0.40,Small,1000,2,p_cores,0.041737,1.5500,0.7750,23959677.12
base_counting,0.40,Small,1000,2,e_cores,0.068075,0.9503,0.4752,14689782.71
base_counting,0.40,Small,1000,4,default,0.062908,1.0284,0.2571,15896191.51
base_counting,0.40,Small,1000,4,p_cores,0.057923,1.1169,0.2792,17264358.77
base_counting,0.40,Small,1000,4,e_cores,0.092368,0.7004,0.1751,10826216.99
base_counting,0.40,Small,1000,8,default,0.115592,0.5597,0.0700,8651105.91
base_counting,0.40,Small,1000,8,p_cores,0.118485,0.5460,0.0683,8439865.54
base_counting,0.40,Small,1000,8,e_cores,0.200640,0.3224,0.0403,4984058.49
base_counting,0.40,Medium,10000,1,default,0.510806,1.0000,1.0000,19576896.29
base_counting,0.40,Medium,10000,2,default,0.258273,1.9778,0.9889,38718720.11
base_counting,0.40,Medium,10000,2,p_cores,0.259070,1.9717,0.9858,38599590.60
base_counting,0.40,Medium,10000,2,e_cores,0.298434,1.7116,0.8558,33508234.56
base_counting,0.40,Medium,10000,4,default,0.193656,2.6377,0.6594,51637889.30
base_counting,0.40,Medium,10000,4,p_cores,0.192633,2.6517,0.6629,51912091.03
base_counting,0.40,Medium,10000,4,e_cores,0.261938,1.9501,0.4875,38177046.05
base_counting,0.40,Medium,10000,8,default,0.209069,2.4432,0.3054,47831156.02
base_counting,0.40,Medium,10000,8,p_cores,0.219763,2.3244,0.2905,45503648.03
base_counting,0.40,Medium,10000,8,e_cores,0.276127,1.8499,0.2312,36215193.58
base_counting,0.40,Large,100000,1,default,5.127881,1.0000,1.0000,19501231.24
base_counting,0.40,Large,100000,2,default,2.621964,1.9557,0.9779,38139342.43
base_counting,0.40,Large,100000,2,p_cores,2.864973,1.7899,0.8949,34904342.90
base_counting,0.40,Large,100000,2,e_cores,2.734993,1.8749,0.9375,36563159.95
base_counting,0.40,Large,100000,4,default,1.550915,3.3064,0.8266,64478084.88
base_counting,0.40,Large,100000,4,p_cores,1.504210,3.4090,0.8523,66480065.29
base_counting,0.40,Large,100000,4,e_cores,1.551740,3.3046,0.8262,64443798.14
base_counting,0.40,Large,100000,8,default,1.092944,4.6918,0.5865,91496025.44
base_counting,0.40,Large,100000,8,p_cores,1.139996,4.4982,0.5623,87719621.42
base_counting,0.40,Large,100000,8,e_cores,1.269798,4.0383,0.5048,78752680.40
base_counting,0.40,VeryLarge,1000000,1,default,53.498879,1.0000,1.0000,18691980.39
base_counting,0.40,VeryLarge,1000000,2,default,28.306554,1.8900,0.9450,35327507.30
base_counting,0.40,VeryLarge,1000000,2,p_cores,29.023969,1.8433,0.9216,34454282.04
base_counting,0.40,VeryLarge,1000000,2,e_cores,28.637787,1.8681,0.9341,34918898.90
base_counting,0.40,VeryLarge,1000000,4,default,14.901237,3.5902,0.8976,67108522.84
base_counting,0.40,VeryLarge,1000000,4,p_cores,14.740796,3.6293,0.9073,67838941.18
base_counting,0.40,VeryLarge,1000000,4,e_cores,15.680519,3.4118,0.8530,63773399.95
base_counting,0.40,VeryLarge,1000000,8,default,10.931498,4.8940,0.6118,91478770.80
base_counting,0.40,VeryLarge,1000000,8,p_cores,10.881800,4.9164,0.6145,91896557.23
base_counting,0.40,VeryLarge,1000000,8,e_cores,10.765408,4.9695,0.6212,92890112.31
base_counting,0.40,Huge,10000000,1,default,596.249592,1.0000,1.0000,16771499.94
base_counting,0.40,Huge,10000000,2,default,283.408480,2.1039,1.0519,35284759.26
base_counting,0.40,Huge,10000000,2,p_cores,283.457555,2.1035,1.0517,35278650.48
base_counting,0.40,Huge,10000000,2,e_cores,283.851382,2.1006,1.0503,35229703.46
base_counting,0.40,Huge,10000000,4,default,146.716329,4.0640,1.0160,68158739.10
base_counting,0.40,Huge,10000000,4,p_cores,151.317521,3.9404,0.9851,66086200.31
base_counting,0.40,Huge,10000000,4,e_cores,154.798395,3.8518,0.9629,64600153.08
base_counting,0.40,Huge,10000000,8,default,107.227235,5.5606,0.6951,93259889.05
base_counting,0.40,Huge,10000000,8,p_cores,109.753439,5.4326,0.6791,91113318.49
base_counting,0.40,Huge,10000000,8,e_cores,107.879507,5.5270,0.6909,92696011.57
gc_content,0.32,Tiny,100,1,default,0.018443,1.0000,1.0000,5422095.90
gc_content,0.32,Tiny,100,2,default,0.027973,0.6593,0.3297,3574894.94
gc_content,0.32,Tiny,100,2,p_cores,0.026208,0.7037,0.3519,3815585.14
gc_content,0.32,Tiny,100,2,e_cores,0.045185,0.4082,0.2041,2213104.23
gc_content,0.32,Tiny,100,4,default,0.046277,0.3985,0.0996,2160893.66
gc_content,0.32,Tiny,100,4,p_cores,0.041533,0.4441,0.1110,2407700.79
gc_content,0.32,Tiny,100,4,e_cores,0.074706,0.2469,0.0617,1338578.68
gc_content,0.32,Tiny,100,8,default,0.096925,0.1903,0.0238,1031723.96
gc_content,0.32,Tiny,100,8,p_cores,0.095860,0.1924,0.0240,1043183.09
gc_content,0.32,Tiny,100,8,e_cores,0.169661,0.1087,0.0136,589412.21
gc_content,0.32,Small,1000,1,default,0.056240,1.0000,1.0000,17781033.68
gc_content,0.32,Small,1000,2,default,0.039971,1.4070,0.7035,25018294.63
gc_content,0.32,Small,1000,2,p_cores,0.037815,1.4872,0.7436,26444777.35
gc_content,0.32,Small,1000,2,e_cores,0.067909,0.8282,0.4141,14725686.24
gc_content,0.32,Small,1000,4,default,0.065044,0.8646,0.2162,15374279.14
gc_content,0.32,Small,1000,4,p_cores,0.056710,0.9917,0.2479,17633443.40
gc_content,0.32,Small,1000,4,e_cores,0.092213,0.6099,0.1525,10844510.86
gc_content,0.32,Small,1000,8,default,0.129086,0.4357,0.0545,7746801.90
gc_content,0.32,Small,1000,8,p_cores,0.116227,0.4839,0.0605,8603856.51
gc_content,0.32,Small,1000,8,e_cores,0.192004,0.2929,0.0366,5208220.76
gc_content,0.32,Medium,10000,1,default,0.463554,1.0000,1.0000,21572452.75
gc_content,0.32,Medium,10000,2,default,0.241487,1.9196,0.9598,41410114.66
gc_content,0.32,Medium,10000,2,p_cores,0.247024,1.8766,0.9383,40481862.00
gc_content,0.32,Medium,10000,2,e_cores,0.277943,1.6678,0.8339,35978606.74
gc_content,0.32,Medium,10000,4,default,0.171367,2.7050,0.6763,58354462.51
gc_content,0.32,Medium,10000,4,p_cores,0.167992,2.7594,0.6898,59526697.28
gc_content,0.32,Medium,10000,4,e_cores,0.195750,2.3681,0.5920,51085568.33
gc_content,0.32,Medium,10000,8,default,0.188360,2.4610,0.3076,53089687.06
gc_content,0.32,Medium,10000,8,p_cores,0.180660,2.5659,0.3207,55352458.16
gc_content,0.32,Medium,10000,8,e_cores,0.249221,1.8600,0.2325,40125085.94
gc_content,0.32,Large,100000,1,default,4.799479,1.0000,1.0000,20835594.21
gc_content,0.32,Large,100000,2,default,2.461229,1.9500,0.9750,40630107.14
gc_content,0.32,Large,100000,2,p_cores,2.453683,1.9560,0.9780,40755053.39
gc_content,0.32,Large,100000,2,e_cores,2.519272,1.9051,0.9526,39694008.50
gc_content,0.32,Large,100000,4,default,1.336164,3.5920,0.8980,74841087.11
gc_content,0.32,Large,100000,4,p_cores,1.347383,3.5621,0.8905,74217922.15
gc_content,0.32,Large,100000,4,e_cores,1.379061,3.4803,0.8701,72513132.22
gc_content,0.32,Large,100000,8,default,1.000344,4.7978,0.5997,99965631.82
gc_content,0.32,Large,100000,8,p_cores,1.067333,4.4967,0.5621,93691445.77
gc_content,0.32,Large,100000,8,e_cores,1.044204,4.5963,0.5745,95766722.99
gc_content,0.32,VeryLarge,1000000,1,default,48.995087,1.0000,1.0000,20410209.53
gc_content,0.32,VeryLarge,1000000,2,default,24.984108,1.9611,0.9805,40025444.13
gc_content,0.32,VeryLarge,1000000,2,p_cores,24.999033,1.9599,0.9799,40001546.62
gc_content,0.32,VeryLarge,1000000,2,e_cores,25.015363,1.9586,0.9793,39975434.94
gc_content,0.32,VeryLarge,1000000,4,default,12.997579,3.7696,0.9424,76937405.35
gc_content,0.32,VeryLarge,1000000,4,p_cores,13.131158,3.7312,0.9328,76154744.09
gc_content,0.32,VeryLarge,1000000,4,e_cores,13.624433,3.5961,0.8990,73397547.67
gc_content,0.32,VeryLarge,1000000,8,default,9.418572,5.2020,0.6502,106173203.42
gc_content,0.32,VeryLarge,1000000,8,p_cores,9.740890,5.0298,0.6287,102660028.09
gc_content,0.32,VeryLarge,1000000,8,e_cores,10.311105,4.7517,0.5940,96982813.13
gc_content,0.32,Huge,10000000,1,default,504.739811,1.0000,1.0000,19812187.93
gc_content,0.32,Huge,10000000,2,default,251.372851,2.0079,1.0040,39781543.50
gc_content,0.32,Huge,10000000,2,p_cores,250.657344,2.0137,1.0068,39895100.80
gc_content,0.32,Huge,10000000,2,e_cores,250.677088,2.0135,1.0068,39891958.58
gc_content,0.32,Huge,10000000,4,default,132.043833,3.8225,0.9556,75732427.22
gc_content,0.32,Huge,10000000,4,p_cores,138.021015,3.6570,0.9142,72452735.09
gc_content,0.32,Huge,10000000,4,e_cores,140.907275,3.5821,0.8955,70968656.52
gc_content,0.32,Huge,10000000,8,default,94.227129,5.3566,0.6696,106126548.40
gc_content,0.32,Huge,10000000,8,p_cores,97.204873,5.1925,0.6491,102875501.12
gc_content,0.32,Huge,10000000,8,e_cores,96.130511,5.2506,0.6563,104025245.49
at_content,0.35,Tiny,100,1,default,0.017388,1.0000,1.0000,5751040.48
at_content,0.35,Tiny,100,2,default,0.026960,0.6450,0.3225,3709164.42
at_content,0.35,Tiny,100,2,p_cores,0.023665,0.7348,0.3674,4225721.12
at_content,0.35,Tiny,100,2,e_cores,0.043521,0.3995,0.1998,2297754.52
at_content,0.35,Tiny,100,4,default,0.041873,0.4153,0.1038,2388170.91
at_content,0.35,Tiny,100,4,p_cores,0.040279,0.4317,0.1079,2482670.96
at_content,0.35,Tiny,100,4,e_cores,0.071083,0.2446,0.0612,1406801.18
at_content,0.35,Tiny,100,8,default,0.101267,0.1717,0.0215,987491.45
at_content,0.35,Tiny,100,8,p_cores,0.097400,0.1785,0.0223,1026692.99
at_content,0.35,Tiny,100,8,e_cores,0.143796,0.1209,0.0151,695430.60
at_content,0.35,Small,1000,1,default,0.029835,1.0000,1.0000,33517118.87
at_content,0.35,Small,1000,2,default,0.024873,1.1995,0.5998,40204662.89
at_content,0.35,Small,1000,2,p_cores,0.025353,1.1768,0.5884,39443063.94
at_content,0.35,Small,1000,2,e_cores,0.050906,0.5861,0.2930,19644011.23
at_content,0.35,Small,1000,4,default,0.058463,0.5103,0.1276,17104981.83
at_content,0.35,Small,1000,4,p_cores,0.050324,0.5929,0.1482,19871047.36
at_content,0.35,Small,1000,4,e_cores,0.071969,0.4146,0.1036,13894790.11
at_content,0.35,Small,1000,8,default,0.122958,0.2426,0.0303,8132841.84
at_content,0.35,Small,1000,8,p_cores,0.118577,0.2516,0.0315,8433331.56
at_content,0.35,Small,1000,8,e_cores,0.175206,0.1703,0.0213,5707562.21
at_content,0.35,Medium,10000,1,default,0.280000,1.0000,1.0000,35714279.34
at_content,0.35,Medium,10000,2,default,0.158129,1.7707,0.8854,63239338.60
at_content,0.35,Medium,10000,2,p_cores,0.162983,1.7180,0.8590,61356035.88
at_content,0.35,Medium,10000,2,e_cores,0.161923,1.7292,0.8646,61757825.33
at_content,0.35,Medium,10000,4,default,0.111600,2.5090,0.6272,89605774.91
at_content,0.35,Medium,10000,4,p_cores,0.106748,2.6230,0.6558,93678657.85
at_content,0.35,Medium,10000,4,e_cores,0.141233,1.9825,0.4956,70804781.31
at_content,0.35,Medium,10000,8,default,0.149837,1.8687,0.2336,66739011.76
at_content,0.35,Medium,10000,8,p_cores,0.168827,1.6585,0.2073,59232196.73
at_content,0.35,Medium,10000,8,e_cores,0.212088,1.3202,0.1650,47150309.73
at_content,0.35,Large,100000,1,default,3.539437,1.0000,1.0000,28253077.34
at_content,0.35,Large,100000,2,default,1.818606,1.9462,0.9731,54987166.96
at_content,0.35,Large,100000,2,p_cores,1.796329,1.9704,0.9852,55669083.37
at_content,0.35,Large,100000,2,e_cores,1.800158,1.9662,0.9831,55550682.69
at_content,0.35,Large,100000,4,default,1.033500,3.4247,0.8562,96758597.18
at_content,0.35,Large,100000,4,p_cores,1.016811,3.4809,0.8702,98346653.01
at_content,0.35,Large,100000,4,e_cores,1.004785,3.5226,0.8806,99523739.10
at_content,0.35,Large,100000,8,default,0.710346,4.9827,0.6228,140776486.50
at_content,0.35,Large,100000,8,p_cores,0.762496,4.6419,0.5802,131148263.37
at_content,0.35,Large,100000,8,e_cores,0.764333,4.6308,0.5788,130832963.90
at_content,0.35,VeryLarge,1000000,1,default,37.593758,1.0000,1.0000,26600160.38
at_content,0.35,VeryLarge,1000000,2,default,19.417665,1.9361,0.9680,51499498.80
at_content,0.35,VeryLarge,1000000,2,p_cores,19.235090,1.9544,0.9772,51988320.48
at_content,0.35,VeryLarge,1000000,2,e_cores,19.512011,1.9267,0.9633,51250483.61
at_content,0.35,VeryLarge,1000000,4,default,10.069544,3.7334,0.9334,99309366.91
at_content,0.35,VeryLarge,1000000,4,p_cores,10.331060,3.6389,0.9097,96795484.81
at_content,0.35,VeryLarge,1000000,4,e_cores,10.548377,3.5639,0.8910,94801313.53
at_content,0.35,VeryLarge,1000000,8,default,7.146940,5.2601,0.6575,139920028.57
at_content,0.35,VeryLarge,1000000,8,p_cores,7.300877,5.1492,0.6437,136969841.29
at_content,0.35,VeryLarge,1000000,8,e_cores,7.497454,5.0142,0.6268,133378607.37
at_content,0.35,Huge,10000000,1,default,384.114890,1.0000,1.0000,26033877.50
at_content,0.35,Huge,10000000,2,default,193.911500,1.9809,0.9904,51569917.20
at_content,0.35,Huge,10000000,2,p_cores,193.788322,1.9821,0.9911,51602696.58
at_content,0.35,Huge,10000000,2,e_cores,192.678594,1.9936,0.9968,51899901.27
at_content,0.35,Huge,10000000,4,default,102.552175,3.7456,0.9364,97511339.66
at_content,0.35,Huge,10000000,4,p_cores,105.612761,3.6370,0.9093,94685527.77
at_content,0.35,Huge,10000000,4,e_cores,107.776272,3.5640,0.8910,92784801.46
at_content,0.35,Huge,10000000,8,default,71.634735,5.3621,0.6703,139597081.75
at_content,0.35,Huge,10000000,8,p_cores,71.740895,5.3542,0.6693,139390511.42
at_content,0.35,Huge,10000000,8,e_cores,74.279973,5.1712,0.6464,134625789.65
n_content,0.25,Tiny,100,1,default,0.019639,1.0000,1.0000,5091779.32
n_content,0.25,Tiny,100,2,default,0.026717,0.7351,0.3676,3742998.25
n_content,0.25,Tiny,100,2,p_cores,0.025092,0.7827,0.3914,3985397.50
n_content,0.25,Tiny,100,2,e_cores,0.048647,0.4037,0.2019,2055631.89
n_content,0.25,Tiny,100,4,default,0.048042,0.4088,0.1022,2081525.01
n_content,0.25,Tiny,100,4,p_cores,0.042931,0.4575,0.1144,2329311.00
n_content,0.25,Tiny,100,4,e_cores,0.075135,0.2614,0.0653,1330930.56
n_content,0.25,Tiny,100,8,default,0.091248,0.2152,0.0269,1095917.59
n_content,0.25,Tiny,100,8,p_cores,0.091903,0.2137,0.0267,1088099.40
n_content,0.25,Tiny,100,8,e_cores,0.148463,0.1323,0.0165,673570.54
n_content,0.25,Small,1000,1,default,0.025931,1.0000,1.0000,38563583.64
n_content,0.25,Small,1000,2,default,0.025417,1.0202,0.5101,39344055.90
n_content,0.25,Small,1000,2,p_cores,0.024371,1.0640,0.5320,41032994.85
n_content,0.25,Small,1000,2,e_cores,0.052344,0.4954,0.2477,19104477.61
n_content,0.25,Small,1000,4,default,0.052136,0.4974,0.1243,19180714.94
n_content,0.25,Small,1000,4,p_cores,0.047719,0.5434,0.1359,20956145.08
n_content,0.25,Small,1000,4,e_cores,0.084950,0.3053,0.0763,11771637.30
n_content,0.25,Small,1000,8,default,0.115320,0.2249,0.0281,8671498.97
n_content,0.25,Small,1000,8,p_cores,0.118700,0.2185,0.0273,8424614.03
n_content,0.25,Small,1000,8,e_cores,0.185615,0.1397,0.0175,5387508.68
n_content,0.25,Medium,10000,1,default,0.147558,1.0000,1.0000,67769823.86
n_content,0.25,Medium,10000,2,default,0.086125,1.7133,0.8567,116110439.61
n_content,0.25,Medium,10000,2,p_cores,0.085875,1.7183,0.8591,116448258.25
n_content,0.25,Medium,10000,2,e_cores,0.110555,1.3347,0.6674,90452801.97
n_content,0.25,Medium,10000,4,default,0.082890,1.7802,0.4450,120642469.41
n_content,0.25,Medium,10000,4,p_cores,0.086052,1.7148,0.4287,116208736.46
n_content,0.25,Medium,10000,4,e_cores,0.136944,1.0775,0.2694,73022656.01
n_content,0.25,Medium,10000,8,default,0.146948,1.0042,0.1255,68051399.22
n_content,0.25,Medium,10000,8,p_cores,0.136325,1.0824,0.1353,73354251.52
n_content,0.25,Medium,10000,8,e_cores,0.224604,0.6570,0.0821,44522755.02
n_content,0.25,Large,100000,1,default,1.758240,1.0000,1.0000,56875068.20
n_content,0.25,Large,100000,2,default,0.984219,1.7864,0.8932,101603434.28
n_content,0.25,Large,100000,2,p_cores,0.866808,2.0284,1.0142,115365761.96
n_content,0.25,Large,100000,2,e_cores,0.940714,1.8690,0.9345,106302183.41
n_content,0.25,Large,100000,4,default,0.619887,2.8364,0.7091,161319607.29
n_content,0.25,Large,100000,4,p_cores,0.637226,2.7592,0.6898,156930246.16
n_content,0.25,Large,100000,4,e_cores,0.640511,2.7451,0.6863,156125369.33
n_content,0.25,Large,100000,8,default,0.575048,3.0576,0.3822,173898526.73
n_content,0.25,Large,100000,8,p_cores,0.613752,2.8647,0.3581,162932259.28
n_content,0.25,Large,100000,8,e_cores,0.608269,2.8906,0.3613,164401028.69
n_content,0.25,VeryLarge,1000000,1,default,21.305273,1.0000,1.0000,46936737.54
n_content,0.25,VeryLarge,1000000,2,default,10.964596,1.9431,0.9715,91202631.97
n_content,0.25,VeryLarge,1000000,2,p_cores,11.203831,1.9016,0.9508,89255181.84
n_content,0.25,VeryLarge,1000000,2,e_cores,11.190823,1.9038,0.9519,89358933.96
n_content,0.25,VeryLarge,1000000,4,default,7.149509,2.9800,0.7450,139869752.11
n_content,0.25,VeryLarge,1000000,4,p_cores,6.762217,3.1506,0.7877,147880503.06
n_content,0.25,VeryLarge,1000000,4,e_cores,6.776675,3.1439,0.7860,147564982.84
n_content,0.25,VeryLarge,1000000,8,default,5.728694,3.7190,0.4649,174559862.15
n_content,0.25,VeryLarge,1000000,8,p_cores,5.933379,3.5907,0.4488,168538024.41
n_content,0.25,VeryLarge,1000000,8,e_cores,5.940713,3.5863,0.4483,168329975.84
n_content,0.25,Huge,10000000,1,default,215.400728,1.0000,1.0000,46425098.41
n_content,0.25,Huge,10000000,2,default,113.824305,1.8924,0.9462,87854698.68
n_content,0.25,Huge,10000000,2,p_cores,113.302981,1.9011,0.9506,88258930.96
n_content,0.25,Huge,10000000,2,e_cores,111.915197,1.9247,0.9623,89353369.65
n_content,0.25,Huge,10000000,4,default,67.134814,3.2085,0.8021,148954014.45
n_content,0.25,Huge,10000000,4,p_cores,67.644456,3.1843,0.7961,147831774.68
n_content,0.25,Huge,10000000,4,e_cores,67.458531,3.1931,0.7983,148239220.20
n_content,0.25,Huge,10000000,8,default,56.111844,3.8388,0.4798,178215494.68
n_content,0.25,Huge,10000000,8,p_cores,55.614877,3.8731,0.4841,179808003.05
n_content,0.25,Huge,10000000,8,e_cores,56.774605,3.7940,0.4742,176135086.99
sequence_length,0.20,Tiny,100,1,default,0.016730,1.0000,1.0000,5977211.10
sequence_length,0.20,Tiny,100,2,default,0.024596,0.6802,0.3401,4065734.80
sequence_length,0.20,Tiny,100,2,p_cores,0.023169,0.7221,0.3611,4316158.62
sequence_length,0.20,Tiny,100,2,e_cores,0.045438,0.3682,0.1841,2200820.47
sequence_length,0.20,Tiny,100,4,default,0.038896,0.4301,0.1075,2570974.98
sequence_length,0.20,Tiny,100,4,p_cores,0.042099,0.3974,0.0994,2375374.12
sequence_length,0.20,Tiny,100,4,e_cores,0.067552,0.2477,0.0619,1480338.88
sequence_length,0.20,Tiny,100,8,default,0.093406,0.1791,0.0224,1070591.60
sequence_length,0.20,Tiny,100,8,p_cores,0.089485,0.1870,0.0234,1117500.11
sequence_length,0.20,Tiny,100,8,e_cores,0.213754,0.0783,0.0098,467826.70
sequence_length,0.20,Small,1000,1,default,0.016508,1.0000,1.0000,60575772.72
sequence_length,0.20,Small,1000,2,default,0.025531,0.6466,0.3233,39167609.95
sequence_length,0.20,Small,1000,2,p_cores,0.023358,0.7067,0.3534,42811334.73
sequence_length,0.20,Small,1000,2,e_cores,0.050408,0.3275,0.1637,19838002.87
sequence_length,0.20,Small,1000,4,default,0.042023,0.3928,0.0982,23796633.97
sequence_length,0.20,Small,1000,4,p_cores,0.040923,0.4034,0.1008,24436195.87
sequence_length,0.20,Small,1000,4,e_cores,0.066522,0.2482,0.0620,15032620.79
sequence_length,0.20,Small,1000,8,default,0.107277,0.1539,0.0192,9321645.23
sequence_length,0.20,Small,1000,8,p_cores,0.090827,0.1818,0.0227,11009917.73
sequence_length,0.20,Small,1000,8,e_cores,0.157006,0.1051,0.0131,6369173.20
sequence_length,0.20,Medium,10000,1,default,0.019212,1.0000,1.0000,520497178.91
sequence_length,0.20,Medium,10000,2,default,0.022610,0.8497,0.4249,442289382.96
sequence_length,0.20,Medium,10000,2,p_cores,0.021991,0.8736,0.4368,454726039.53
sequence_length,0.20,Medium,10000,2,e_cores,0.053829,0.3569,0.1785,185773122.72
sequence_length,0.20,Medium,10000,4,default,0.048150,0.3990,0.0998,207684751.16
sequence_length,0.20,Medium,10000,4,p_cores,0.050239,0.3824,0.0956,199046566.94
sequence_length,0.20,Medium,10000,4,e_cores,0.097379,0.1973,0.0493,102691545.41
sequence_length,0.20,Medium,10000,8,default,0.113548,0.1692,0.0212,88068318.77
sequence_length,0.20,Medium,10000,8,p_cores,0.111200,0.1728,0.0216,89928057.55
sequence_length,0.20,Medium,10000,8,e_cores,0.174848,0.1099,0.0137,57192582.01
sequence_length,0.20,Large,100000,1,default,0.076042,1.0000,1.0000,1315067051.98
sequence_length,0.20,Large,100000,2,default,0.056040,1.3569,0.6785,1784453093.30
sequence_length,0.20,Large,100000,2,p_cores,0.055147,1.3789,0.6894,1813335267.56
sequence_length,0.20,Large,100000,2,e_cores,0.083067,0.9154,0.4577,1203854742.89
sequence_length,0.20,Large,100000,4,default,0.076148,0.9986,0.2497,1313232126.91
sequence_length,0.20,Large,100000,4,p_cores,0.067267,1.1305,0.2826,1486619679.57
sequence_length,0.20,Large,100000,4,e_cores,0.105432,0.7212,0.1803,948479587.22
sequence_length,0.20,Large,100000,8,default,0.129517,0.5871,0.0734,772102098.15
sequence_length,0.20,Large,100000,8,p_cores,0.117317,0.6482,0.0810,852393927.03
sequence_length,0.20,Large,100000,8,e_cores,0.202017,0.3764,0.0471,495008580.97
sequence_length,0.20,VeryLarge,1000000,1,default,1.062681,1.0000,1.0000,941015900.06
sequence_length,0.20,VeryLarge,1000000,2,default,1.055213,1.0071,0.5035,947676415.89
sequence_length,0.20,VeryLarge,1000000,2,p_cores,1.056258,1.0061,0.5030,946738077.86
sequence_length,0.20,VeryLarge,1000000,2,e_cores,1.101171,0.9650,0.4825,908124458.28
sequence_length,0.20,VeryLarge,1000000,4,default,1.031531,1.0302,0.2575,969432672.97
sequence_length,0.20,VeryLarge,1000000,4,p_cores,0.945737,1.1237,0.2809,1057375913.37
sequence_length,0.20,VeryLarge,1000000,4,e_cores,1.056762,1.0056,0.2514,946286506.79
sequence_length,0.20,VeryLarge,1000000,8,default,0.794494,1.3376,0.1672,1258663221.62
sequence_length,0.20,VeryLarge,1000000,8,p_cores,0.740787,1.4345,0.1793,1349915218.22
sequence_length,0.20,VeryLarge,1000000,8,e_cores,0.898188,1.1831,0.1479,1113353280.91
sequence_length,0.20,Huge,10000000,1,default,15.758027,1.0000,1.0000,634597211.95
sequence_length,0.20,Huge,10000000,2,default,11.252760,1.4004,0.7002,888670832.76
sequence_length,0.20,Huge,10000000,2,p_cores,9.969871,1.5806,0.7903,1003022047.36
sequence_length,0.20,Huge,10000000,2,e_cores,10.479191,1.5037,0.7519,954272157.16
sequence_length,0.20,Huge,10000000,4,default,9.749046,1.6164,0.4041,1025741379.42
sequence_length,0.20,Huge,10000000,4,p_cores,9.776083,1.6119,0.4030,1022904533.76
sequence_length,0.20,Huge,10000000,4,e_cores,9.853162,1.5993,0.3998,1014902575.70
sequence_length,0.20,Huge,10000000,8,default,6.992939,2.2534,0.2817,1430013812.00
sequence_length,0.20,Huge,10000000,8,p_cores,7.159008,2.2011,0.2751,1396841524.80
sequence_length,0.20,Huge,10000000,8,e_cores,6.857552,2.2979,0.2872,1458246314.00
reverse_complement,0.45,Tiny,100,1,default,0.027950,1.0000,1.0000,3577864.69
reverse_complement,0.45,Tiny,100,2,default,0.032288,0.8656,0.4328,3097164.24
reverse_complement,0.45,Tiny,100,2,p_cores,0.030402,0.9193,0.4597,3289251.88
reverse_complement,0.45,Tiny,100,2,e_cores,0.062336,0.4484,0.2242,1604221.03
reverse_complement,0.45,Tiny,100,4,default,0.058504,0.4777,0.1194,1709283.37
reverse_complement,0.45,Tiny,100,4,p_cores,0.050573,0.5527,0.1382,1977345.55
reverse_complement,0.45,Tiny,100,4,e_cores,0.091492,0.3055,0.0764,1092994.13
reverse_complement,0.45,Tiny,100,8,default,0.112027,0.2495,0.0312,892640.36
reverse_complement,0.45,Tiny,100,8,p_cores,0.114119,0.2449,0.0306,876279.42
reverse_complement,0.45,Tiny,100,8,e_cores,0.165460,0.1689,0.0211,604374.40
reverse_complement,0.45,Small,1000,1,default,0.113313,1.0000,1.0000,8825147.79
reverse_complement,0.45,Small,1000,2,default,0.077423,1.4636,0.7318,12916091.90
reverse_complement,0.45,Small,1000,2,p_cores,0.082224,1.3781,0.6890,12161922.56
reverse_complement,0.45,Small,1000,2,e_cores,0.129081,0.8778,0.4389,7747057.75
reverse_complement,0.45,Small,1000,4,default,0.090432,1.2530,0.3133,11058019.68
reverse_complement,0.45,Small,1000,4,p_cores,0.080463,1.4083,0.3521,12428113.18
reverse_complement,0.45,Small,1000,4,e_cores,0.138936,0.8156,0.2039,7197534.05
reverse_complement,0.45,Small,1000,8,default,0.124379,0.9110,0.1139,8039939.20
reverse_complement,0.45,Small,1000,8,p_cores,0.124819,0.9078,0.1135,8011613.64
reverse_complement,0.45,Small,1000,8,e_cores,0.220302,0.5144,0.0643,4539222.40
reverse_complement,0.45,Medium,10000,1,default,0.978388,1.0000,1.0000,10220892.86
reverse_complement,0.45,Medium,10000,2,default,0.608000,1.6092,0.8046,16447365.72
reverse_complement,0.45,Medium,10000,2,p_cores,0.621822,1.5734,0.7867,16081761.71
reverse_complement,0.45,Medium,10000,2,e_cores,0.916081,1.0680,0.5340,10916063.40
reverse_complement,0.45,Medium,10000,4,default,0.501967,1.9491,0.4873,19921642.20
reverse_complement,0.45,Medium,10000,4,p_cores,0.510348,1.9171,0.4793,19594472.79
reverse_complement,0.45,Medium,10000,4,e_cores,0.772252,1.2669,0.3167,12949139.28
reverse_complement,0.45,Medium,10000,8,default,0.508115,1.9255,0.2407,19680599.61
reverse_complement,0.45,Medium,10000,8,p_cores,0.466783,2.0960,0.2620,21423217.15
reverse_complement,0.45,Medium,10000,8,e_cores,0.809292,1.2089,0.1511,12356486.36
reverse_complement,0.45,Large,100000,1,default,12.063419,1.0000,1.0000,8289524.17
reverse_complement,0.45,Large,100000,2,default,7.198912,1.6757,0.8379,13890987.10
reverse_complement,0.45,Large,100000,2,p_cores,7.196262,1.6763,0.8382,13896102.41
reverse_complement,0.45,Large,100000,2,e_cores,16.381721,0.7364,0.3682,6104364.58
reverse_complement,0.45,Large,100000,4,default,5.287844,2.2813,0.5703,18911299.91
reverse_complement,0.45,Large,100000,4,p_cores,5.345223,2.2569,0.5642,18708294.24
reverse_complement,0.45,Large,100000,4,e_cores,10.609571,1.1370,0.2843,9425451.79
reverse_complement,0.45,Large,100000,8,default,8.196700,1.4717,0.1840,12200031.87
reverse_complement,0.45,Large,100000,8,p_cores,5.034145,2.3963,0.2995,19864347.62
reverse_complement,0.45,Large,100000,8,e_cores,12.508702,0.9644,0.1206,7994434.50
reverse_complement,0.45,VeryLarge,1000000,1,default,126.822415,1.0000,1.0000,7885041.48
reverse_complement,0.45,VeryLarge,1000000,2,default,79.151010,1.6023,0.8011,12634077.51
reverse_complement,0.45,VeryLarge,1000000,2,p_cores,79.163696,1.6020,0.8010,12632052.96
reverse_complement,0.45,VeryLarge,1000000,2,e_cores,155.435285,0.8159,0.4080,6433545.62
reverse_complement,0.45,VeryLarge,1000000,4,default,55.869899,2.2700,0.5675,17898725.75
reverse_complement,0.45,VeryLarge,1000000,4,p_cores,56.332027,2.2513,0.5628,17751890.93
reverse_complement,0.45,VeryLarge,1000000,4,e_cores,145.725739,0.8703,0.2176,6862205.70
reverse_complement,0.45,VeryLarge,1000000,8,default,48.245229,2.6287,0.3286,20727438.10
reverse_complement,0.45,VeryLarge,1000000,8,p_cores,49.899719,2.5415,0.3177,20040192.93
reverse_complement,0.45,VeryLarge,1000000,8,e_cores,132.913300,0.9542,0.1193,7523701.54
reverse_complement,0.45,Huge,10000000,1,default,1379.832758,1.0000,1.0000,7247255.10
reverse_complement,0.45,Huge,10000000,2,default,883.672990,1.5615,0.7807,11316403.37
reverse_complement,0.45,Huge,10000000,2,p_cores,883.387164,1.5620,0.7810,11320064.86
reverse_complement,0.45,Huge,10000000,2,e_cores,2113.055661,0.6530,0.3265,4732483.00
reverse_complement,0.45,Huge,10000000,4,default,666.863627,2.0691,0.5173,14995569.70
reverse_complement,0.45,Huge,10000000,4,p_cores,649.702202,2.1238,0.5309,15391667.10
reverse_complement,0.45,Huge,10000000,4,e_cores,1825.920726,0.7557,0.1889,5476689.03
reverse_complement,0.45,Huge,10000000,8,default,615.371252,2.2423,0.2803,16250352.88
reverse_complement,0.45,Huge,10000000,8,p_cores,631.509719,2.1850,0.2731,15835069.04
reverse_complement,0.45,Huge,10000000,8,e_cores,1865.018943,0.7398,0.0925,5361875.83
quality_aggregation,0.50,Tiny,100,1,default,0.017178,1.0000,1.0000,5821524.32
quality_aggregation,0.50,Tiny,100,2,default,0.025033,0.6862,0.3431,3994663.13
quality_aggregation,0.50,Tiny,100,2,p_cores,0.025538,0.6726,0.3363,3915802.42
quality_aggregation,0.50,Tiny,100,2,e_cores,0.048465,0.3544,0.1772,2063353.64
quality_aggregation,0.50,Tiny,100,4,default,0.044050,0.3900,0.0975,2270125.86
quality_aggregation,0.50,Tiny,100,4,p_cores,0.046112,0.3725,0.0931,2168621.14
quality_aggregation,0.50,Tiny,100,4,e_cores,0.079923,0.2149,0.0537,1251205.07
quality_aggregation,0.50,Tiny,100,8,default,0.091746,0.1872,0.0234,1089966.96
quality_aggregation,0.50,Tiny,100,8,p_cores,0.092017,0.1867,0.0233,1086760.43
quality_aggregation,0.50,Tiny,100,8,e_cores,0.155682,0.1103,0.0138,642334.80
quality_aggregation,0.50,Small,1000,1,default,0.027092,1.0000,1.0000,36911050.20
quality_aggregation,0.50,Small,1000,2,default,0.029850,0.9076,0.4538,33500893.64
quality_aggregation,0.50,Small,1000,2,p_cores,0.030590,0.8857,0.4428,32690956.05
quality_aggregation,0.50,Small,1000,2,e_cores,0.054697,0.4953,0.2477,18282397.61
quality_aggregation,0.50,Small,1000,4,default,0.047912,0.5655,0.1414,20871380.12
quality_aggregation,0.50,Small,1000,4,p_cores,0.047425,0.5713,0.1428,21085947.38
quality_aggregation,0.50,Small,1000,4,e_cores,0.090529,0.2993,0.0748,11046153.59
quality_aggregation,0.50,Small,1000,8,default,0.106673,0.2540,0.0317,9374439.00
quality_aggregation,0.50,Small,1000,8,p_cores,0.106517,0.2543,0.0318,9388203.63
quality_aggregation,0.50,Small,1000,8,e_cores,0.187302,0.1446,0.0181,5338965.59
quality_aggregation,0.50,Medium,10000,1,default,0.143963,1.0000,1.0000,69462485.40
quality_aggregation,0.50,Medium,10000,2,default,0.083602,1.7220,0.8610,119614220.22
quality_aggregation,0.50,Medium,10000,2,p_cores,0.077243,1.8638,0.9319,129460863.64
quality_aggregation,0.50,Medium,10000,2,e_cores,0.100398,1.4339,0.7170,99603627.36
quality_aggregation,0.50,Medium,10000,4,default,0.080971,1.7780,0.4445,123501235.32
quality_aggregation,0.50,Medium,10000,4,p_cores,0.077317,1.8620,0.4655,129338163.68
quality_aggregation,0.50,Medium,10000,4,e_cores,0.133617,1.0774,0.2694,74840888.27
quality_aggregation,0.50,Medium,10000,8,default,0.127148,1.1322,0.1415,78648504.11
quality_aggregation,0.50,Medium,10000,8,p_cores,0.119971,1.2000,0.1500,83353221.12
quality_aggregation,0.50,Medium,10000,8,e_cores,0.224221,0.6421,0.0803,44598885.43
quality_aggregation,0.50,Large,100000,1,default,1.522117,1.0000,1.0000,65697987.08
quality_aggregation,0.50,Large,100000,2,default,0.817333,1.8623,0.9311,122349105.40
quality_aggregation,0.50,Large,100000,2,p_cores,0.793071,1.9193,0.9596,126092147.13
quality_aggregation,0.50,Large,100000,2,e_cores,0.871871,1.7458,0.8729,114695886.44
quality_aggregation,0.50,Large,100000,4,default,0.554020,2.7474,0.6869,180498967.55
quality_aggregation,0.50,Large,100000,4,p_cores,0.541200,2.8125,0.7031,184774575.02
quality_aggregation,0.50,Large,100000,4,e_cores,0.578821,2.6297,0.6574,172765012.46
quality_aggregation,0.50,Large,100000,8,default,0.482415,3.1552,0.3944,207290575.37
quality_aggregation,0.50,Large,100000,8,p_cores,0.479540,3.1741,0.3968,208533308.09
quality_aggregation,0.50,Large,100000,8,e_cores,0.517700,2.9402,0.3675,193162044.32
quality_aggregation,0.50,VeryLarge,1000000,1,default,19.903690,1.0000,1.0000,50241941.07
quality_aggregation,0.50,VeryLarge,1000000,2,default,10.457079,1.9034,0.9517,95628996.06
quality_aggregation,0.50,VeryLarge,1000000,2,p_cores,10.493857,1.8967,0.9483,95293843.33
quality_aggregation,0.50,VeryLarge,1000000,2,e_cores,10.500808,1.8954,0.9477,95230764.28
quality_aggregation,0.50,VeryLarge,1000000,4,default,6.201673,3.2094,0.8024,161246813.25
quality_aggregation,0.50,VeryLarge,1000000,4,p_cores,6.151896,3.2354,0.8088,162551513.90
quality_aggregation,0.50,VeryLarge,1000000,4,e_cores,6.209692,3.2053,0.8013,161038589.40
quality_aggregation,0.50,VeryLarge,1000000,8,default,4.950396,4.0206,0.5026,202004049.86
quality_aggregation,0.50,VeryLarge,1000000,8,p_cores,4.913640,4.0507,0.5063,203515129.60
quality_aggregation,0.50,VeryLarge,1000000,8,e_cores,4.993729,3.9857,0.4982,200251148.98
quality_aggregation,0.50,Huge,10000000,1,default,205.150644,1.0000,1.0000,48744667.93
quality_aggregation,0.50,Huge,10000000,2,default,106.832761,1.9203,0.9601,93604245.70
quality_aggregation,0.50,Huge,10000000,2,p_cores,106.009969,1.9352,0.9676,94330751.28
quality_aggregation,0.50,Huge,10000000,2,e_cores,105.196759,1.9502,0.9751,95059963.02
quality_aggregation,0.50,Huge,10000000,4,default,60.477077,3.3922,0.8481,165351907.53
quality_aggregation,0.50,Huge,10000000,4,p_cores,61.896836,3.3144,0.8286,161559147.81
quality_aggregation,0.50,Huge,10000000,4,e_cores,61.313783,3.3459,0.8365,163095465.03
quality_aggregation,0.50,Huge,10000000,8,default,48.286085,4.2486,0.5311,207098999.57
quality_aggregation,0.50,Huge,10000000,8,p_cores,49.502358,4.1443,0.5180,202010577.34
quality_aggregation,0.50,Huge,10000000,8,e_cores,49.966011,4.1058,0.5132,200136050.29
quality_filter,0.55,Tiny,100,1,default,0.017106,1.0000,1.0000,5845833.67
quality_filter,0.55,Tiny,100,2,default,0.024390,0.7014,0.3507,4100125.05
quality_filter,0.55,Tiny,100,2,p_cores,0.019746,0.8663,0.4332,5064368.12
quality_filter,0.55,Tiny,100,2,e_cores,0.050535,0.3385,0.1692,1978812.85
quality_filter,0.55,Tiny,100,4,default,0.038321,0.4464,0.1116,2609552.27
quality_filter,0.55,Tiny,100,4,p_cores,0.041033,0.4169,0.1042,2437048.00
quality_filter,0.55,Tiny,100,4,e_cores,0.078077,0.2191,0.0548,1280790.37
quality_filter,0.55,Tiny,100,8,default,0.093804,0.1824,0.0228,1066049.21
quality_filter,0.55,Tiny,100,8,p_cores,0.099525,0.1719,0.0215,1004772.67
quality_filter,0.55,Tiny,100,8,e_cores,0.150348,0.1138,0.0142,665124.24
quality_filter,0.55,Small,1000,1,default,0.024621,1.0000,1.0000,40616342.31
quality_filter,0.55,Small,1000,2,default,0.026985,0.9124,0.4562,37057212.63
quality_filter,0.55,Small,1000,2,p_cores,0.022923,1.0741,0.5370,43624497.77
quality_filter,0.55,Small,1000,2,e_cores,0.059542,0.4135,0.2068,16794980.32
quality_filter,0.55,Small,1000,4,default,0.045676,0.5390,0.1348,21893562.72
quality_filter,0.55,Small,1000,4,p_cores,0.047746,0.5157,0.1289,20944250.59
quality_filter,0.55,Small,1000,4,e_cores,0.083569,0.2946,0.0737,11966195.50
quality_filter,0.55,Small,1000,8,default,0.117873,0.2089,0.0261,8483703.44
quality_filter,0.55,Small,1000,8,p_cores,0.100277,0.2455,0.0307,9972366.57
quality_filter,0.55,Small,1000,8,e_cores,0.179067,0.1375,0.0172,5584509.69
quality_filter,0.55,Medium,10000,1,default,0.104835,1.0000,1.0000,95387626.70
quality_filter,0.55,Medium,10000,2,default,0.060112,1.7440,0.8720,166355166.62
quality_filter,0.55,Medium,10000,2,p_cores,0.058046,1.8061,0.9030,172277456.29
quality_filter,0.55,Medium,10000,2,e_cores,0.093185,1.1250,0.5625,107312833.01
quality_filter,0.55,Medium,10000,4,default,0.068431,1.5320,0.3830,146132066.86
quality_filter,0.55,Medium,10000,4,p_cores,0.067480,1.5536,0.3884,148191363.41
quality_filter,0.55,Medium,10000,4,e_cores,0.110931,0.9450,0.2363,90145964.35
quality_filter,0.55,Medium,10000,8,default,0.118279,0.8863,0.1108,84545754.68
quality_filter,0.55,Medium,10000,8,p_cores,0.118781,0.8826,0.1103,84188336.04
quality_filter,0.55,Medium,10000,8,e_cores,0.209806,0.4997,0.0625,47663011.07
quality_filter,0.55,Large,100000,1,default,1.198965,1.0000,1.0000,83405281.36
quality_filter,0.55,Large,100000,2,default,0.623196,1.9239,0.9619,160463212.36
quality_filter,0.55,Large,100000,2,p_cores,0.621737,1.9284,0.9642,160839595.56
quality_filter,0.55,Large,100000,2,e_cores,0.682752,1.7561,0.8780,146466055.45
quality_filter,0.55,Large,100000,4,default,0.521360,2.2997,0.5749,191805861.78
quality_filter,0.55,Large,100000,4,p_cores,0.513431,2.3352,0.5838,194768024.47
quality_filter,0.55,Large,100000,4,e_cores,0.574160,2.0882,0.5221,174167495.41
quality_filter,0.55,Large,100000,8,default,0.483838,2.4780,0.3098,206680962.10
quality_filter,0.55,Large,100000,8,p_cores,0.530979,2.2580,0.2823,188331258.86
quality_filter,0.55,Large,100000,8,e_cores,0.497195,2.4115,0.3014,201128287.35
quality_filter,0.55,VeryLarge,1000000,1,default,16.147136,1.0000,1.0000,61930487.04
quality_filter,0.55,VeryLarge,1000000,2,default,8.586900,1.8804,0.9402,116456462.75
quality_filter,0.55,VeryLarge,1000000,2,p_cores,8.579602,1.8820,0.9410,116555522.53
quality_filter,0.55,VeryLarge,1000000,2,e_cores,8.578465,1.8823,0.9411,116570973.76
quality_filter,0.55,VeryLarge,1000000,4,default,5.634206,2.8659,0.7165,177487290.25
quality_filter,0.55,VeryLarge,1000000,4,p_cores,5.628649,2.8687,0.7172,177662521.14
quality_filter,0.55,VeryLarge,1000000,4,e_cores,5.692414,2.8366,0.7092,175672382.53
quality_filter,0.55,VeryLarge,1000000,8,default,4.383421,3.6837,0.4605,228132319.48
quality_filter,0.55,VeryLarge,1000000,8,p_cores,4.298950,3.7561,0.4695,232614938.15
quality_filter,0.55,VeryLarge,1000000,8,e_cores,4.369331,3.6956,0.4619,228867976.08
quality_filter,0.55,Huge,10000000,1,default,168.689309,1.0000,1.0000,59280579.49
quality_filter,0.55,Huge,10000000,2,default,85.972371,1.9621,0.9811,116316438.72
quality_filter,0.55,Huge,10000000,2,p_cores,85.849807,1.9649,0.9825,116482498.18
quality_filter,0.55,Huge,10000000,2,e_cores,87.769746,1.9220,0.9610,113934475.98
quality_filter,0.55,Huge,10000000,4,default,56.418116,2.9900,0.7475,177248031.13
quality_filter,0.55,Huge,10000000,4,p_cores,56.686442,2.9758,0.7440,176409026.26
quality_filter,0.55,Huge,10000000,4,e_cores,56.093700,3.0073,0.7518,178273140.91
quality_filter,0.55,Huge,10000000,8,default,41.488985,4.0659,0.5082,241027831.27
quality_filter,0.55,Huge,10000000,8,p_cores,42.746223,3.9463,0.4933,233938798.17
quality_filter,0.55,Huge,10000000,8,e_cores,42.087783,4.0080,0.5010,237598638.84
length_filter,0.55,Tiny,100,1,default,0.017314,1.0000,1.0000,5775539.44
length_filter,0.55,Tiny,100,2,default,0.022583,0.7667,0.3833,4428041.01
length_filter,0.55,Tiny,100,2,p_cores,0.021402,0.8090,0.4045,4672416.85
length_filter,0.55,Tiny,100,2,e_cores,0.045677,0.3791,0.1895,2189280.84
length_filter,0.55,Tiny,100,4,default,0.038587,0.4487,0.1122,2591512.80
length_filter,0.55,Tiny,100,4,p_cores,0.037065,0.4671,0.1168,2697999.43
length_filter,0.55,Tiny,100,4,e_cores,0.070542,0.2454,0.0614,1417602.23
length_filter,0.55,Tiny,100,8,default,0.085917,0.2015,0.0252,1163916.72
length_filter,0.55,Tiny,100,8,p_cores,0.082969,0.2087,0.0261,1205265.62
length_filter,0.55,Tiny,100,8,e_cores,0.145908,0.1187,0.0148,685361.50
length_filter,0.55,Small,1000,1,default,0.015039,1.0000,1.0000,66491688.54
length_filter,0.55,Small,1000,2,default,0.023742,0.6335,0.3167,42119894.28
length_filter,0.55,Small,1000,2,p_cores,0.023421,0.6421,0.3211,42697089.77
length_filter,0.55,Small,1000,2,e_cores,0.049738,0.3024,0.1512,20105453.10
length_filter,0.55,Small,1000,4,default,0.039017,0.3855,0.0964,25630083.57
length_filter,0.55,Small,1000,4,p_cores,0.038779,0.3878,0.0970,25787019.85
length_filter,0.55,Small,1000,4,e_cores,0.061103,0.2461,0.0615,16365780.36
length_filter,0.55,Small,1000,8,default,0.090284,0.1666,0.0208,11076214.88
length_filter,0.55,Small,1000,8,p_cores,0.097700,0.1539,0.0192,10235409.30
length_filter,0.55,Small,1000,8,e_cores,0.151131,0.0995,0.0124,6616765.23
length_filter,0.55,Medium,10000,1,default,0.018873,1.0000,1.0000,529860275.85
length_filter,0.55,Medium,10000,2,default,0.021581,0.8745,0.4373,463367336.77
length_filter,0.55,Medium,10000,2,p_cores,0.022025,0.8569,0.4284,454028481.21
length_filter,0.55,Medium,10000,2,e_cores,0.051605,0.3657,0.1829,193778881.98
length_filter,0.55,Medium,10000,4,default,0.043143,0.4375,0.1094,231789574.10
length_filter,0.55,Medium,10000,4,p_cores,0.046053,0.4098,0.1025,217142857.14
length_filter,0.55,Medium,10000,4,e_cores,0.083498,0.2260,0.0565,119763562.77
length_filter,0.55,Medium,10000,8,default,0.113590,0.1661,0.0208,88036267.42
length_filter,0.55,Medium,10000,8,p_cores,0.108002,0.1747,0.0218,92590835.08
length_filter,0.55,Medium,10000,8,e_cores,0.181936,0.1037,0.0130,54964239.98
length_filter,0.55,Large,100000,1,default,0.071818,1.0000,1.0000,1392409608.80
length_filter,0.55,Large,100000,2,default,0.051611,1.3915,0.6958,1937588341.92
length_filter,0.55,Large,100000,2,p_cores,0.054717,1.3125,0.6563,1827600607.13
length_filter,0.55,Large,100000,2,e_cores,0.083660,0.8584,0.4292,1195312863.71
length_filter,0.55,Large,100000,4,default,0.061085,1.1757,0.2939,1637052388.95
length_filter,0.55,Large,100000,4,p_cores,0.059492,1.2072,0.3018,1680909573.79
length_filter,0.55,Large,100000,4,e_cores,0.105675,0.6796,0.1699,946293368.87
length_filter,0.55,Large,100000,8,default,0.143104,0.5019,0.0627,698791021.65
length_filter,0.55,Large,100000,8,p_cores,0.122252,0.5875,0.0734,817981858.80
length_filter,0.55,Large,100000,8,e_cores,0.205921,0.3488,0.0436,485622754.95
length_filter,0.55,VeryLarge,1000000,1,default,1.047813,1.0000,1.0000,954368334.74
length_filter,0.55,VeryLarge,1000000,2,default,1.031848,1.0155,0.5077,969135129.76
length_filter,0.55,VeryLarge,1000000,2,p_cores,1.033198,1.0141,0.5071,967868835.58
length_filter,0.55,VeryLarge,1000000,2,e_cores,1.104102,0.9490,0.4745,905713339.37
length_filter,0.55,VeryLarge,1000000,4,default,0.970273,1.0799,0.2700,1030637928.29
length_filter,0.55,VeryLarge,1000000,4,p_cores,0.928910,1.1280,0.2820,1076530209.64
length_filter,0.55,VeryLarge,1000000,4,e_cores,1.114931,0.9398,0.2350,896916289.68
length_filter,0.55,VeryLarge,1000000,8,default,0.728902,1.4375,0.1797,1371926353.35
length_filter,0.55,VeryLarge,1000000,8,p_cores,0.730975,1.4334,0.1792,1368035842.54
length_filter,0.55,VeryLarge,1000000,8,e_cores,0.786256,1.3327,0.1666,1271850147.05
length_filter,0.55,Huge,10000000,1,default,10.109633,1.0000,1.0000,989155561.16
length_filter,0.55,Huge,10000000,2,default,10.221358,0.9891,0.4945,978343553.42
length_filter,0.55,Huge,10000000,2,p_cores,11.071567,0.9131,0.4566,903214537.83
length_filter,0.55,Huge,10000000,2,e_cores,10.371042,0.9748,0.4874,964223285.65
length_filter,0.55,Huge,10000000,4,default,9.294306,1.0877,0.2719,1075927550.96
length_filter,0.55,Huge,10000000,4,p_cores,9.764565,1.0353,0.2588,1024111187.34
length_filter,0.55,Huge,10000000,4,e_cores,9.860487,1.0253,0.2563,1014148725.13
length_filter,0.55,Huge,10000000,8,default,7.025617,1.4390,0.1799,1423362592.50
length_filter,0.55,Huge,10000000,8,p_cores,7.336522,1.3780,0.1722,1363043707.02
length_filter,0.55,Huge,10000000,8,e_cores,6.816744,1.4831,0.1854,1466976076.37
complexity_score,0.61,Tiny,100,1,default,0.036623,1.0000,1.0000,2730528.26
complexity_score,0.61,Tiny,100,2,default,0.034931,1.0484,0.5242,2862762.05
complexity_score,0.61,Tiny,100,2,p_cores,0.033840,1.0823,0.5411,2955122.04
complexity_score,0.61,Tiny,100,2,e_cores,0.063063,0.5807,0.2904,1585728.44
complexity_score,0.61,Tiny,100,4,default,0.048883,0.7492,0.1873,2045688.40
complexity_score,0.61,Tiny,100,4,p_cores,0.049429,0.7409,0.1852,2023101.80
complexity_score,0.61,Tiny,100,4,e_cores,0.088991,0.4115,0.1029,1123708.47
complexity_score,0.61,Tiny,100,8,default,0.100529,0.3643,0.0455,994736.85
complexity_score,0.61,Tiny,100,8,p_cores,0.111175,0.3294,0.0412,899483.61
complexity_score,0.61,Tiny,100,8,e_cores,0.153967,0.2379,0.0297,649490.67
complexity_score,0.61,Small,1000,1,default,0.203725,1.0000,1.0000,4908581.35
complexity_score,0.61,Small,1000,2,default,0.114125,1.7851,0.8926,8762318.18
complexity_score,0.61,Small,1000,2,p_cores,0.115235,1.7679,0.8840,8677888.91
complexity_score,0.61,Small,1000,2,e_cores,0.153148,1.3302,0.6651,6529637.86
complexity_score,0.61,Small,1000,4,default,0.103004,1.9778,0.4945,9708346.70
complexity_score,0.61,Small,1000,4,p_cores,0.101692,2.0034,0.5008,9833629.74
complexity_score,0.61,Small,1000,4,e_cores,0.133569,1.5252,0.3813,7486775.55
complexity_score,0.61,Small,1000,8,default,0.146648,1.3892,0.1737,6819056.67
complexity_score,0.61,Small,1000,8,p_cores,0.126059,1.6161,0.2020,7932776.81
complexity_score,0.61,Small,1000,8,e_cores,0.228702,0.8908,0.1113,4372503.16
complexity_score,0.61,Medium,10000,1,default,1.902271,1.0000,1.0000,5256874.82
complexity_score,0.61,Medium,10000,2,default,0.972270,1.9565,0.9783,10285212.18
complexity_score,0.61,Medium,10000,2,p_cores,0.963383,1.9746,0.9873,10380084.98
complexity_score,0.61,Medium,10000,2,e_cores,1.034673,1.8385,0.9193,9664889.76
complexity_score,0.61,Medium,10000,4,default,0.533719,3.5642,0.8910,18736459.98
complexity_score,0.61,Medium,10000,4,p_cores,0.534833,3.5568,0.8892,18697412.94
complexity_score,0.61,Medium,10000,4,e_cores,0.563710,3.3746,0.8436,17739602.98
complexity_score,0.61,Medium,10000,8,default,0.424683,4.4793,0.5599,23546958.40
complexity_score,0.61,Medium,10000,8,p_cores,0.413079,4.6051,0.5756,24208435.60
complexity_score,0.61,Medium,10000,8,e_cores,0.451752,4.2109,0.5264,22136029.44
complexity_score,0.61,Large,100000,1,default,18.600129,1.0000,1.0000,5376306.76
complexity_score,0.61,Large,100000,2,default,9.447612,1.9688,0.9844,10584684.76
complexity_score,0.61,Large,100000,2,p_cores,9.445175,1.9693,0.9846,10587416.10
complexity_score,0.61,Large,100000,2,e_cores,9.530103,1.9517,0.9759,10493066.02
complexity_score,0.61,Large,100000,4,default,4.830671,3.8504,0.9626,20701057.21
complexity_score,0.61,Large,100000,4,p_cores,4.860917,3.8265,0.9566,20572251.32
complexity_score,0.61,Large,100000,4,e_cores,4.906783,3.7907,0.9477,20379950.14
complexity_score,0.61,Large,100000,8,default,3.210583,5.7934,0.7242,31146987.49
complexity_score,0.61,Large,100000,8,p_cores,3.241058,5.7389,0.7174,30854120.42
complexity_score,0.61,Large,100000,8,e_cores,3.176148,5.8562,0.7320,31484678.93
complexity_score,0.61,VeryLarge,1000000,1,default,188.115614,1.0000,1.0000,5315879.84
complexity_score,0.61,VeryLarge,1000000,2,default,95.178298,1.9765,0.9882,10506596.75
complexity_score,0.61,VeryLarge,1000000,2,p_cores,94.821502,1.9839,0.9919,10546131.19
complexity_score,0.61,VeryLarge,1000000,2,e_cores,95.082831,1.9784,0.9892,10517145.81
complexity_score,0.61,VeryLarge,1000000,4,default,48.224502,3.9008,0.9752,20736346.80
complexity_score,0.61,VeryLarge,1000000,4,p_cores,49.603698,3.7924,0.9481,20159787.47
complexity_score,0.61,VeryLarge,1000000,4,e_cores,52.412456,3.5891,0.8973,19079434.04
complexity_score,0.61,VeryLarge,1000000,8,default,31.870292,5.9025,0.7378,31377183.70
complexity_score,0.61,VeryLarge,1000000,8,p_cores,31.007691,6.0667,0.7583,32250063.54
complexity_score,0.61,VeryLarge,1000000,8,e_cores,30.858993,6.0960,0.7620,32405463.99
complexity_score,0.61,Huge,10000000,1,default,1876.692183,1.0000,1.0000,5328524.35
complexity_score,0.61,Huge,10000000,2,default,950.815298,1.9738,0.9869,10517289.76
complexity_score,0.61,Huge,10000000,2,p_cores,949.923377,1.9756,0.9878,10527164.87
complexity_score,0.61,Huge,10000000,2,e_cores,950.988675,1.9734,0.9867,10515372.33
complexity_score,0.61,Huge,10000000,4,default,487.158314,3.8523,0.9631,20527207.90
complexity_score,0.61,Huge,10000000,4,p_cores,505.007474,3.7162,0.9290,19801687.14
complexity_score,0.61,Huge,10000000,4,e_cores,512.811226,3.6596,0.9149,19500353.14
complexity_score,0.61,Huge,10000000,8,default,327.481437,5.7307,0.7163,30536081.92
complexity_score,0.61,Huge,10000000,8,p_cores,331.607956,5.6594,0.7074,30156091.89
complexity_score,0.61,Huge,10000000,8,e_cores,329.438568,5.6966,0.7121,30354673.01
